{
    "test_loss": 1.293676690922843,
    "test_accuracy": 0.6087344028520499,
    "parameters": 34842439,
    "flops": "1083166208.0"
}