{
    "test_loss": 0.8810705302490128,
    "test_accuracy": 0.6942959001782532,
    "best_val_accuracy": 0.7872340425531915,
    "parameters": 110595024,
    "flops": "18850401280.0"
}