{
    "test_loss": 0.9185542224182023,
    "test_accuracy": 0.7076648841354723,
    "best_val_accuracy": 0.78419452887538,
    "parameters": 126120882,
    "flops": "20588554752.0"
}