{
    "test_loss": 0.7792205719484223,
    "test_accuracy": 0.7272727272727273,
    "best_val_accuracy": 0.817629179331307,
    "parameters": 105447495,
    "flops": "7927324672.0"
}