{
    "test_loss": 0.790392147998015,
    "test_accuracy": 0.7397504456327986,
    "best_val_accuracy": 0.8047112462006079,
    "parameters": 110069711,
    "flops": "18854078976.0"
}