{
    "test_loss": 0.8498582790295283,
    "test_accuracy": 0.6541889483065954,
    "best_val_accuracy": 0.7256838905775076,
    "parameters": 108883207,
    "flops": "16870809856.0"
}