{
    "test_loss": 1.3238538404305775,
    "test_accuracy": 0.5846702317290553,
    "best_val_accuracy": 0.6595744680851063,
    "parameters": 11932103,
    "flops": "1083166208.0"
}