{
    "test_loss": 1.3337431914276547,
    "test_accuracy": 0.5846702317290553,
    "parameters": 30499138,
    "flops": "1083166208.0"
}