{
    "test_loss": 1.351448055770662,
    "test_accuracy": 0.5882352941176471,
    "parameters": 27636313,
    "flops": "1083166208.0"
}