{
    "test_loss": 0.8866279241111543,
    "test_accuracy": 0.7023172905525846,
    "best_val_accuracy": 0.8047112462006079,
    "parameters": 110069711,
    "flops": "18854078976.0"
}