{
    "test_loss": 1.2544793950186834,
    "test_accuracy": 0.6336898395721925,
    "parameters": 34842439,
    "flops": "1083166208.0"
}