{
    "test_loss": 0.9272106811404228,
    "test_accuracy": 0.6925133689839572,
    "best_val_accuracy": 0.791033434650456,
    "parameters": 110069711,
    "flops": "18854078976.0"
}