{
    "test_loss": 0.8919141756163703,
    "test_accuracy": 0.6506238859180036,
    "best_val_accuracy": 0.7066869300911854,
    "parameters": 184953999,
    "flops": "33878552064.0"
}