{
    "test_loss": 0.871355242199368,
    "test_accuracy": 0.696969696969697,
    "best_val_accuracy": 0.7895136778115501,
    "parameters": 110595024,
    "flops": "18850401280.0"
}