{
    "test_loss": 0.8699319478538301,
    "test_accuracy": 0.6622103386809269,
    "best_val_accuracy": 0.7074468085106383,
    "parameters": 185479312,
    "flops": "33874874368.0"
}