{
    "test_loss": 0.869082022872236,
    "test_accuracy": 0.6639928698752228,
    "best_val_accuracy": 0.7340425531914894,
    "parameters": 184953999,
    "flops": "33878552064.0"
}