{
    "test_loss": 0.8835482506288422,
    "test_accuracy": 0.6996434937611408,
    "best_val_accuracy": 0.8009118541033434,
    "parameters": 110069711,
    "flops": "18854078976.0"
}