{
    "test_loss": 0.8873293962743547,
    "test_accuracy": 0.6586452762923352,
    "best_val_accuracy": 0.7082066869300911,
    "parameters": 110069711,
    "flops": "18849876480.0"
}